Schlüssel (deutsch),en,fr,it,es,Anmerkung
%@ schätzt nur aus Beschreibungen.,%@ estimates from descriptions only.,%@ n’estime qu’à partir de descriptions.,%@ stima solo da descrizioni.,%@ solo estima a partir de descripciones.,
"%@, %lld Milligramm Koffein","%@, %lld milligrams of caffeine","%@, %lld milligrammes de caféine","%@, %lld milligrammi di caffeina","%@, %lld miligramos de cafeína",
%lld Einträge sichern,Save %lld entries,Enregistrer %lld entrées,Salva %lld voci,Guardar %lld entradas,
%lld ohne Bildeingang ausgeblendet.,%lld without image input hidden.,%lld sans entrée d’image masqués.,%lld senza ingresso immagine nascosti.,%lld sin entrada de imagen ocultos.,
"25 ml in 25 Sekunden unter neun bar durch fein gemahlenes Pulver. Die Crema kommt vom Druck, nicht von der Röstung.","25 ml in 25 seconds at nine bar through finely ground coffee. The crema comes from the pressure, not from the roast.","25 ml en 25 secondes à neuf bars à travers une mouture fine. La crema vient de la pression, pas de la torréfaction.","25 ml in 25 secondi a nove bar attraverso una macinatura fine. La crema viene dalla pressione, non dalla tostatura.","25 ml en 25 segundos a nueve bares a través de un molido fino. La crema viene de la presión, no del tueste.",
API-Schlüssel,API key,Clé API,Chiave API,Clave API,
Abbrechen,Cancel,Annuler,Annulla,Cancelar,
Adresse,Address,Adresse,Indirizzo,Dirección,
Adresse fehlt oder ist ungültig.,The address is missing or invalid.,L’adresse est absente ou invalide.,Indirizzo mancante o non valido.,Falta la dirección o no es válida.,
"Alessandria im Piemont. Der Name meint nicht Marokko, sondern eine Farbe: das hellbraune Ziegenleder, aus dem die Hutfabrik Borsalino am Ort ihre Bänder schnitt.",Alessandria in Piedmont. The name means not Morocco but a colour: the pale-brown goatskin from which the Borsalino hat factory in town cut its bands.,"Alessandria, dans le Piémont. Le nom ne désigne pas le Maroc mais une couleur : le maroquin clair dans lequel la chapellerie Borsalino, sur place, taillait ses rubans.","Alessandria, in Piemonte. Il nome non indica il Marocco ma un colore: il marocchino chiaro con cui la cappelleria Borsalino, in città, tagliava i suoi nastri.","Alessandria, en el Piamonte. El nombre no alude a Marruecos sino a un color: el tafilete claro con que la sombrerería Borsalino, allí mismo, cortaba sus cintas.",
Analyse,Analysis,Analyse,Analisi,Análisis,
Analysiere,Analysing,Analyse en cours,Analisi in corso,Analizando,
Anbieter und Modell,Provider and model,Fournisseur et modèle,Servizio e modello,Proveedor y modelo,
Apple Health,Apple Health,Apple Santé,Apple Salute,Apple Salud,
Apple Intelligence ist in den Systemeinstellungen ausgeschaltet.,Apple Intelligence is switched off in System Settings.,Apple Intelligence est désactivé dans les réglages.,Apple Intelligence è disattivato nelle impostazioni.,Apple Intelligence está desactivado en los ajustes.,
"Auf die Rosette tippen, um zu diktieren. Zeitangaben wie „gestern Abend um neun“ werden übernommen; mehrere Gerichte werden einzeln erfasst.",Tap the rosette to dictate. Times such as “yesterday at nine” are picked up; several dishes are logged separately.,Touchez la rosace pour dicter. Les heures comme « hier à neuf heures » sont reprises ; plusieurs plats sont enregistrés séparément.,Tocca la rosetta per dettare. Orari come “ieri alle nove” vengono ripresi; più piatti vengono registrati separatamente.,Toca la roseta para dictar. Horas como «ayer a las nueve» se recogen; varios platos se registran por separado.,
Aus Fotos wählen,Choose from Photos,Choisir dans Photos,Scegli da Foto,Elegir de Fotos,
"Australien oder Neuseeland, 1980er-Jahre — welches von beiden, streiten beide bis heute.","Australia or New Zealand, in the 1980s — which of the two is still disputed by both.","Australie ou Nouvelle-Zélande, années 1980 — laquelle des deux, elles s’en disputent encore.","Australia o Nuova Zelanda, anni Ottanta — quale delle due, se lo contendono ancora.","Australia o Nueva Zelanda, años ochenta: cuál de las dos, aún se lo disputan.",
Auto,Auto,Auto,Auto,Auto,
"Benannt nach Mokka, dem jemenitischen Hafen, über den Kaffee jahrhundertelang nach Europa kam.","Named after Mocha, the Yemeni port through which coffee reached Europe for centuries.","Nommé d’après Moka, le port yéménite par lequel le café est arrivé en Europe pendant des siècles.","Prende il nome da Mokha, il porto yemenita attraverso cui il caffè arrivò in Europa per secoli.","Debe su nombre a Moca, el puerto yemení por el que el café llegó a Europa durante siglos.",
"Bereit — ohne Netz, ohne Schlüssel.","Ready — no network, no key.","Prêt — sans réseau, sans clé.","Pronto — senza rete, senza chiave.","Listo — sin red, sin clave.",
Beschreiben,Describe,Décrire,Descrivi,Describir,
Beschreibung ändern,Edit description,Modifier la description,Modifica la descrizione,Editar la descripción,
Bestätigen,Confirm,Confirmer,Conferma,Confirmar,
Bild erzeugen,Generate an image,Générer une image,Genera un’immagine,Generar una imagen,
Bildanalyse,Image analysis,Analyse d’image,Analisi immagine,Análisis de imagen,
"Caffè Latte mit Kürbisgewürz — Zimt, Muskat, Ingwer, Nelke. Der Kürbis selbst ist optional und kam erst Jahre nach dem Getränk hinein.","A caffè latte with pumpkin spice — cinnamon, nutmeg, ginger, clove. The pumpkin itself is optional and only went in years after the drink.","Un caffè latte à l’épice à citrouille — cannelle, muscade, gingembre, clou de girofle. La citrouille elle-même est facultative et n’est arrivée que des années après la boisson.","Un caffè latte con le spezie per la zucca — cannella, noce moscata, zenzero, chiodi di garofano. La zucca è facoltativa ed è entrata solo anni dopo la bevanda.","Un caffè latte con especias de calabaza — canela, nuez moscada, jengibre, clavo. La calabaza es opcional y entró años después que la bebida.",
"Caffè Latte mit Vanillesirup, eingerührt statt aufgesetzt.","A caffè latte with vanilla syrup, stirred in rather than set on top.","Un caffè latte au sirop de vanille, mélangé plutôt que posé dessus.","Un caffè latte con sciroppo alla vaniglia, mescolato invece che appoggiato sopra.","Un caffè latte con sirope de vainilla, removido en lugar de puesto encima.",
"Cold Brew mit Stickstoff versetzt und über einen Zapfhahn gezogen. Die feinen Bläschen ergeben eine Schaumkrone und den Eindruck von Süsse, ohne dass Zucker drin wäre. Eis kommt keins dazu: es würde ihn verwässern und den Schaum töten.",Cold brew charged with nitrogen and pulled from a tap. The fine bubbles give it a crown of foam and an impression of sweetness without any sugar. No ice goes in: it would water it down and kill the foam.,Un cold brew chargé d’azote et tiré à la pression. Les fines bulles donnent une couronne de mousse et une impression de douceur sans le moindre sucre. Pas de glace : elle le diluerait et tuerait la mousse.,Cold brew caricato con azoto e spillato alla spina. Le bollicine fini danno una corona di schiuma e un’impressione di dolcezza senza zucchero. Ghiaccio non ne va: annacquerebbe e ucciderebbe la schiuma.,Cold brew cargado con nitrógeno y tirado de grifo. Las burbujas finas dan una corona de espuma y una impresión de dulzor sin nada de azúcar. Hielo no lleva: lo aguaría y mataría la espuma.,
"Cold Brew über Eis, darauf kalt geschlagener Süssrahm mit Vanille. Er sinkt langsam durch den Kaffee — das Muster gehört zum Getränk.","Cold brew over ice, topped with cold-whipped sweet cream and vanilla. It sinks slowly through the coffee — the pattern belongs to the drink.","Un cold brew sur glace, coiffé de crème douce battue à froid et vanillée. Elle descend lentement dans le café — le motif fait partie de la boisson.","Cold brew sul ghiaccio, sopra panna dolce montata a freddo alla vaniglia. Scende lentamente nel caffè — il disegno fa parte della bevanda.","Cold brew sobre hielo, coronado con nata dulce montada en frío y vainilla. Baja despacio por el café — el dibujo forma parte de la bebida.",
Das Bild ließ sich nicht aufbereiten.,The image could not be prepared.,L’image n’a pas pu être préparée.,Non è stato possibile preparare l’immagine.,No se pudo preparar la imagen.,
Das Modell wird noch geladen. Später erneut versuchen.,The model is still downloading. Try again later.,Le modèle est en cours de téléchargement. Réessayez plus tard.,Il modello è ancora in download. Riprova più tardi.,El modelo se está descargando. Inténtalo más tarde.,
"Dasselbe Pulver, halb so viel Wasser. Dichter im Geschmack und weniger Koffein als der Espresso — die Extraktion bricht früher ab.","The same grounds, half the water. Denser in taste and less caffeine than an espresso — extraction stops earlier.","La même mouture, deux fois moins d’eau. Plus dense en bouche et moins caféiné qu’un expresso — l’extraction s’arrête plus tôt.","La stessa dose, metà acqua. Più denso e con meno caffeina dell’espresso: l’estrazione si ferma prima.","El mismo molido, la mitad de agua. Más denso y con menos cafeína que un espresso: la extracción se detiene antes.",
Der Eintrag wird auch aus Apple Health entfernt.,The entry will also be removed from Apple Health.,L’entrée sera aussi retirée d’Apple Santé.,La voce verrà rimossa anche da Apple Salute.,La entrada también se eliminará de Apple Salud.,
Der Eintrag wird gelöscht.,The entry will be deleted.,L’entrée sera supprimée.,La voce verrà eliminata.,La entrada se eliminará.,
"Der Name führt in die Irre: gemeint ist der jemenitische Hafen Mokka und der schokoladige Ton seines Kaffees — nicht die Schokolade, die heute drin ist.",The name misleads: it means the Yemeni port of Mocha and the chocolatey note of its coffee — not the chocolate that is in it today.,Le nom induit en erreur : il désigne le port yéménite de Moka et la note chocolatée de son café — pas le chocolat qu’on y met aujourd’hui.,Il nome inganna: indica il porto yemenita di Moka e la nota di cioccolato del suo caffè — non il cioccolato che oggi ci sta dentro.,El nombre engaña: se refiere al puerto yemení de Moca y a la nota achocolatada de su café — no al chocolate que hoy lleva dentro.,
"Der Phin-Filter steht auf dem Glas und tropft langsam auf gezuckerte Kondensmilch. Umrühren, auf Eis giessen.","The phin filter sits on the glass and drips slowly onto sweetened condensed milk. Stir, then pour over ice.","Le filtre phin est posé sur le verre et goutte lentement sur du lait concentré sucré. Mélanger, puis verser sur de la glace.","Il filtro phin sta sul bicchiere e gocciola lentamente sul latte condensato zuccherato. Mescolare, poi versare sul ghiaccio.",El filtro phin se apoya en el vaso y gotea despacio sobre leche condensada azucarada. Remover y verter sobre hielo.,
"Der Standardkaffee der Schweiz. „Schümli“ heisst er nach seiner Crema, und das Crème im Namen meint den Kaffeerahm, der danebensteht — nicht die Krone.","Switzerland’s standard coffee. It is called Schümli after its crema, and the Crème in the name refers to the pot of coffee cream served beside it — not to the crown.","Le café standard de la Suisse. On l’appelle « Schümli » d’après sa crema, et le « Crème » du nom désigne la crème à café servie à côté — pas la couronne.","Il caffè standard della Svizzera. Lo chiamano «Schümli» per la sua crema, e il «Crème» del nome indica la panna da caffè servita accanto — non la corona.","El café estándar de Suiza. Lo llaman «Schümli» por su crema, y el «Crème» del nombre se refiere a la nata para café que se sirve al lado — no a la corona.",
"Der jüngste im Feld: Irish Cream gibt es erst seit 1974. Zum Irish Coffee verhält er sich wie Rahm zu Whiskey — süsser, milder, und der Alkohol versteckt sich.","The youngest of the field: Irish cream has only existed since 1974. To an Irish coffee it stands as cream to whiskey — sweeter, milder, and the alcohol hides.","Le plus jeune du lot : la crème irlandaise n’existe que depuis 1974. Face à l’Irish coffee, elle est ce que la crème est au whiskey — plus douce, plus ronde, et l’alcool s’y cache.","Il più giovane del gruppo: la crema irlandese esiste solo dal 1974. Rispetto all’Irish coffee sta come la panna al whiskey — più dolce, più morbida, e l’alcol si nasconde.","El más joven del grupo: la crema irlandesa existe solo desde 1974. Frente al Irish coffee es lo que la nata al whiskey — más dulce, más suave, y el alcohol se esconde.",
Die Antwort war nicht lesbar.,The answer could not be read.,La réponse était illisible.,La risposta non era leggibile.,No se pudo leer la respuesta.,
Dieser Dienst braucht iOS 26.,This service needs iOS 26.,Ce service exige iOS 26.,Questo servizio richiede iOS 26.,Este servicio requiere iOS 26.,
Dieses Gerät unterstützt Apple Intelligence nicht.,This device does not support Apple Intelligence.,Cet appareil ne prend pas en charge Apple Intelligence.,Questo dispositivo non supporta Apple Intelligence.,Este dispositivo no admite Apple Intelligence.,
Diktat,Dictation,Dictée,Dettatura,Dictado,
Diktat beenden,Stop dictation,Arrêter la dictée,Ferma la dettatura,Detener el dictado,
Diktieren,Dictate,Dicter,Detta,Dictar,
Diktieren über das Mikrofon der Tastatur. Zeitangaben wie „gestern Abend um neun“ werden übernommen; mehrere Gerichte werden einzeln erfasst.,Dictate with the keyboard’s microphone. Times such as “yesterday at nine” are picked up; several dishes are logged separately.,Dictez avec le microphone du clavier. Les heures comme « hier à neuf heures » sont reprises ; plusieurs plats sont enregistrés séparément.,Detta con il microfono della tastiera. Orari come “ieri alle nove” vengono ripresi; più piatti vengono registrati separatamente.,Dicta con el micrófono del teclado. Horas como «ayer a las nueve» se recogen; varios platos se registran por separado.,
Doppelt so viel Wasser durch dasselbe Pulver. Länger heisst mehr Koffein und mehr Bitterstoffe.,Twice the water through the same grounds. Longer means more caffeine and more bitterness.,Deux fois plus d’eau à travers la même mouture. Plus long veut dire plus de caféine et plus d’amertume.,Il doppio dell’acqua attraverso la stessa dose. Più lungo significa più caffeina e più amaro.,El doble de agua a través del mismo molido. Más largo significa más cafeína y más amargor.,
"Doppelter Espresso, mit Eis im Shaker kalt geschüttelt und über frisches Eis abgegossen. Das Schütteln kühlt ihn und macht ihn cremig.",A double espresso shaken cold with ice and poured over fresh ice. The shaking chills it and makes it creamy.,Un double expresso secoué à froid avec de la glace et versé sur de la glace fraîche. Le shaker le refroidit et le rend crémeux.,Un doppio espresso agitato a freddo con ghiaccio e versato su ghiaccio fresco. Agitare lo raffredda e lo rende cremoso.,Un espresso doble agitado en frío con hielo y vertido sobre hielo nuevo. El agitado lo enfría y lo vuelve cremoso.,
"Doppelter Ristretto mit feinporigem Mikroschaum, flach eingegossen. Stärker als der Cappuccino und ohne Schaumhaube.","A double ristretto with fine microfoam, poured flat. Stronger than a cappuccino and without the foam dome.","Un double ristretto avec une micromousse fine, versée à plat. Plus corsé qu’un cappuccino et sans dôme de mousse.","Un doppio ristretto con microschiuma fine, versata piatta. Più forte del cappuccino e senza cupola di schiuma.","Un ristretto doble con microespuma fina, vertida plana. Más fuerte que el capuchino y sin cúpula de espuma.",
"Drei Würfelzucker ins Glas, Kaffee darüber, bis man sie nicht mehr sieht — dann Träsch, bis man sie wieder sieht.","Three sugar cubes in the glass, coffee over them until they disappear — then fruit brandy until they show again.","Trois morceaux de sucre dans le verre, du café jusqu’à ce qu’ils disparaissent — puis de l’eau-de-vie jusqu’à ce qu’ils réapparaissent.","Tre zollette nel bicchiere, caffè finché non si vedono più — poi acquavite finché non riappaiono.","Tres terrones en el vaso, café hasta que desaparezcan — luego aguardiente hasta que vuelvan a verse.",
"Dresden, 1908. Melitta Bentz legte ein Löschblatt in einen durchlöcherten Messingtopf und meldete es zum Patent an.","Dresden, 1908. Melitta Bentz put a sheet of blotting paper into a perforated brass pot and filed it for patent.","Dresde, 1908. Melitta Bentz a placé un buvard dans un pot en laiton percé et l’a fait breveter.","Dresda, 1908. Melitta Bentz mise un foglio di carta assorbente in un vaso di ottone forato e lo brevettò.","Dresde, 1908. Melitta Bentz puso una hoja de papel secante en un recipiente de latón perforado y lo patentó.",
Dunkel,Dark,Sombre,Scuro,Oscuro,
Eigener Dienst,Custom service,Service personnalisé,Servizio proprio,Servicio propio,
"Ein Blauwal schafft das. Der frisst allerdings Krill, und zwar den ganzen Tag.","A blue whale manages that. Though it eats krill, and all day long.","Une baleine bleue y arrive. Elle mange du krill, remarquez, et toute la journée.","Una balenottera azzurra ci arriva. Mangia però krill, e tutto il giorno.","Una ballena azul llega a eso. Eso sí, come kril, y todo el día.",
"Ein doppelter Espresso und gleich viel warme Milch — spanisch cortar, „schneiden“: die Milch nimmt Säure und Bitterkeit, ohne den Kaffee zu verwässern. Nur leicht aufgeschäumt, feinporig statt luftig.","A double espresso and the same amount of warm milk — Spanish cortar, “to cut”: the milk takes the acidity and bitterness without watering the coffee down. Only lightly steamed, fine rather than airy.","Un double expresso et autant de lait chaud — de l’espagnol cortar, « couper » : le lait ôte l’acidité et l’amertume sans diluer le café. À peine émulsionné, fin plutôt qu’aérien.","Un doppio espresso e altrettanto latte caldo — dallo spagnolo cortar, «tagliare»: il latte toglie acidità e amaro senza annacquare il caffè. Montato appena, fine e non arioso.","Un espresso doble y la misma cantidad de leche caliente — del español cortar: la leche quita acidez y amargor sin aguar el café. Apenas espumada, fina y no aireada.",
"Ein kleiner Mokka im Henkelglas, darauf eine dicke Haube Schlagobers. Der Rahm hält den Kaffee warm und hält ihn beim Fahren im Glas.",A small mokka in a handled glass under a thick cap of whipped cream. The cream keeps the coffee hot and keeps it in the glass while driving.,Un petit moka dans un verre à anse sous une épaisse coiffe de crème fouettée. La crème garde le café chaud et le garde dans le verre pendant la course.,Un piccolo moka in un bicchiere con manico sotto una spessa cupola di panna montata. La panna tiene caldo il caffè e lo tiene nel bicchiere durante la corsa.,Un moka pequeño en un vaso con asa bajo una gruesa capa de nata montada. La nata mantiene el café caliente y lo mantiene dentro del vaso durante el trayecto.,
"Ein verlängerter Espresso und gleich viel warme Milch, obenauf eine feine Schaumhaube. Der Unterschied zum Cappuccino ist das Verhältnis: dort mehr Schaum als Kaffee, hier eins zu eins.","A lengthened espresso and the same amount of warm milk, with a fine cap of foam. The difference from a cappuccino is the ratio: there, more foam than coffee; here, one to one.","Un expresso allongé et autant de lait chaud, coiffé d’une fine mousse. La différence avec le cappuccino tient au rapport : là plus de mousse que de café, ici un pour un.","Un espresso lungo e altrettanto latte caldo, con un fine cappello di schiuma. La differenza dal cappuccino è il rapporto: lì più schiuma che caffè, qui uno a uno.","Un espresso alargado y otro tanto de leche caliente, con una fina capa de espuma. La diferencia con el capuchino es la proporción: allí más espuma que café, aquí uno a uno.",
"Eine Kugel Vanilleeis, ein heisser Espresso darüber. „Affogato“ heisst ertränkt.","A scoop of vanilla ice cream, a hot espresso poured over it. “Affogato” means drowned.","Une boule de glace vanille, un expresso brûlant versé dessus. « Affogato » veut dire noyé.","Una pallina di gelato alla vaniglia, un espresso bollente versato sopra. «Affogato» vuol dire annegato.","Una bola de helado de vainilla, un espresso caliente por encima. «Affogato» significa ahogado.",
"Eine Starbucks-Erfindung von 2016, inzwischen überall auf der Karte.","A Starbucks invention from 2016, now on every menu.","Une invention de Starbucks de 2016, aujourd’hui sur toutes les cartes.","Un’invenzione Starbucks del 2016, oggi su ogni carta.","Una invención de Starbucks de 2016, hoy en todas las cartas.",
Einstellungen,Settings,Réglages,Impostazioni,Ajustes,
Einstellungen öffnen,Open settings,Ouvrir les réglages,Apri impostazioni,Abrir ajustes,
Eintrag,Entry,Entrée,Voce,Entrada,
Eintrag löschen,Delete entry,Supprimer l’entrée,Elimina la voce,Eliminar entrada,
Eintrag löschen?,Delete entry?,Supprimer l’entrée ?,Eliminare la voce?,¿Eliminar la entrada?,
Eis,Ice,Glace,Ghiaccio,Hielo,
"Eis ins Glas, Tonic darüber, zuletzt der Espresso über den Löffelrücken. Umgekehrt reisst die Kohlensäure die Schichten sofort auseinander.","Ice in the glass, tonic over it, the espresso last over the back of a spoon. The other way round, the carbonation tears the layers apart at once.","De la glace dans le verre, le tonic par-dessus, l’expresso en dernier sur le dos d’une cuillère. Dans l’autre sens, le gaz déchire aussitôt les couches.","Ghiaccio nel bicchiere, tonica sopra, l’espresso per ultimo sul dorso del cucchiaio. Al contrario, l’anidride carbonica strappa subito gli strati.","Hielo en el vaso, tónica encima, el espresso al final sobre el dorso de una cuchara. Al revés, el gas rompe las capas de inmediato.",
Erfassen,Add,Ajouter,Aggiungi,Añadir,
Erneut versuchen,Try again,Réessayer,Riprova,Reintentar,
Espresso,Espresso,Expresso,Espresso,Espresso,
"Espresso auf Schokoladensauce, mit warmer Milch aufgefüllt, meist mit Schlagrahm obenauf.","Espresso onto chocolate sauce, topped up with warm milk, usually with whipped cream on top.","L’expresso sur une sauce au chocolat, complété de lait chaud, le plus souvent avec de la crème fouettée dessus.","Espresso su salsa al cioccolato, completato con latte caldo, di solito con panna montata sopra.","Espresso sobre salsa de chocolate, completado con leche caliente, casi siempre con nata montada encima.",
"Espresso auf kalte Milch und Eis. Heiss auf kalt bleibt geschichtet, bis man rührt — das ist kein Fehler, sondern die Reihenfolge.","Espresso onto cold milk and ice. Hot on cold stays layered until you stir — that is not a fault, it is the order.","L’expresso sur du lait froid et de la glace. Le chaud sur le froid reste en couches jusqu’à ce qu’on remue — ce n’est pas un défaut, c’est l’ordre.","Espresso su latte freddo e ghiaccio. Il caldo sul freddo resta a strati finché non si mescola — non è un difetto, è l’ordine.","Espresso sobre leche fría y hielo. Lo caliente sobre lo frío queda en capas hasta que se remueve — no es un fallo, es el orden.",
"Espresso in viel warmer Milch, obenauf ein dünner Schaum.","Espresso in plenty of warm milk, a thin layer of foam on top.","Un expresso dans beaucoup de lait chaud, une fine mousse par-dessus.","Espresso in molto latte caldo, sopra un velo di schiuma.","Espresso en abundante leche caliente, con una fina capa de espuma.",
"Espresso mit einem Schuss Weinbrand. In Mexiko stattdessen Licor 43, kalt über Eis geschüttelt — dasselbe Wort, ein anderes Getränk.","Espresso with a shot of brandy. In Mexico it takes Licor 43 instead, shaken cold over ice — the same word, a different drink.","Un expresso avec un trait d’eau-de-vie. Au Mexique, c’est du Licor 43, secoué froid sur glace — le même mot, une autre boisson.","Espresso con un goccio di brandy. In Messico invece Licor 43, agitato freddo sul ghiaccio — la stessa parola, un’altra bevanda.","Espresso con un chorro de brandy. En México, en cambio, Licor 43, agitado en frío sobre hielo — la misma palabra, otra bebida.",
"Espresso, kaltes Wasser, Eis. Ohne Milch steht die Säure vorn, deshalb schmeckt er kalt schärfer als heiss.","Espresso, cold water, ice. Without milk the acidity comes forward, which is why it tastes sharper cold than hot.","Expresso, eau froide, glace. Sans lait l’acidité passe devant, c’est pourquoi il est plus vif froid que chaud.","Espresso, acqua fredda, ghiaccio. Senza latte l’acidità viene avanti, per questo freddo è più tagliente che caldo.","Espresso, agua fría, hielo. Sin leche la acidez pasa al frente, por eso frío sabe más afilado que caliente.",
"Espresso, mit heissem Wasser auf Tassengrösse verlängert. Nicht dasselbe wie Filterkaffee — der lief nie unter Druck.",Espresso lengthened with hot water to cup size. Not the same as filter coffee — that never ran under pressure.,Un expresso allongé à l’eau chaude jusqu’à la taille d’une tasse. Ce n’est pas un café filtre : celui-ci n’est jamais passé sous pression.,Espresso allungato con acqua calda fino a riempire la tazza. Non è un caffè filtro: quello non è mai passato sotto pressione.,Espresso alargado con agua caliente hasta llenar la taza. No es lo mismo que el café de filtro: ese nunca pasó a presión.,
"Espresso, „befleckt“ mit einem Löffel Milchschaum. Der Name ist die Zubereitung.",Espresso “stained” with a spoonful of milk foam. The name is the recipe.,Un expresso « taché » d’une cuillère de mousse de lait. Le nom est la recette.,Espresso «macchiato» con un cucchiaio di schiuma di latte. Il nome è la ricetta.,Espresso «manchado» con una cucharada de espuma de leche. El nombre es la receta.,
Fehlgeschlagen,Failed,Échec,Non riuscito,Error,
Fertig,Done,Terminé,Fatto,Listo,
"Filterkaffee und heisse Milch zu gleichen Teilen, beides zugleich in die Schale gegossen. Kein Schaum, keine Haube.","Filter coffee and hot milk in equal parts, both poured into the bowl at once. No foam, no cap.","Café filtre et lait chaud à parts égales, versés ensemble dans le bol. Pas de mousse, pas de chapeau.","Caffè filtro e latte caldo in parti uguali, versati insieme nella scodella. Niente schiuma, niente cappello.","Café de filtro y leche caliente a partes iguales, vertidos a la vez en el tazón. Sin espuma, sin capa.",
Fira Sans · Fira Mono,Fira Sans · Fira Mono,Fira Sans · Fira Mono,Fira Sans · Fira Mono,Fira Sans · Fira Mono,
Fira © 2012–2015 The Mozilla Foundation und Telefonica S.A.,Fira © 2012–2015 The Mozilla Foundation and Telefonica S.A.,Fira © 2012–2015 The Mozilla Foundation et Telefonica S.A.,Fira © 2012–2015 The Mozilla Foundation e Telefonica S.A.,Fira © 2012–2015 The Mozilla Foundation y Telefonica S.A.,
Foto aufnehmen,Take a photo,Prendre une photo,Scatta una foto,Hacer una foto,
"Foynes, Irland, 1943. Der Küchenchef Joe Sheridan wärmte damit gestrandete Flugpassagiere auf; auf die Frage, ob das brasilianischer Kaffee sei, soll er geantwortet haben, es sei irischer.","Foynes, Ireland, 1943. The chef Joe Sheridan warmed up stranded air passengers with it; asked whether it was Brazilian coffee, he is said to have replied that it was Irish.","Foynes, Irlande, 1943. Le chef Joe Sheridan en réchauffait des passagers aériens bloqués ; à qui lui demandait si c’était du café brésilien, il aurait répondu que c’était de l’irlandais.","Foynes, Irlanda, 1943. Lo chef Joe Sheridan ci scaldava i passeggeri rimasti a terra; a chi chiedeva se fosse caffè brasiliano, avrebbe risposto che era irlandese.","Foynes, Irlanda, 1943. El cocinero Joe Sheridan calentaba con él a los pasajeros varados; a quien preguntó si era café brasileño, se dice que respondió que era irlandés.",
"Frankreich, zum Frühstück, in der Schale ohne Henkel — gross genug, um das Croissant hineinzutauchen.","France, at breakfast, in a bowl without a handle — big enough to dip the croissant in.","France, au petit-déjeuner, dans un bol sans anse — assez grand pour y tremper le croissant.","Francia, a colazione, nella scodella senza manico — abbastanza grande da inzuppare il croissant.","Francia, en el desayuno, en un tazón sin asa — lo bastante grande para mojar el cruasán.",
Französisch,French,Française,Francese,Francés,
"Freddo Espresso, darauf kalt geschäumte Milch — auf Griechisch afrogala. Sie darf nicht warm werden, sonst fällt sie zusammen.","A freddo espresso topped with cold-frothed milk — afrogala in Greek. It must not warm up, or it collapses.","Un freddo espresso coiffé de lait moussé à froid — afrogala en grec. Il ne doit pas se réchauffer, sinon il retombe.","Un freddo espresso con sopra latte montato a freddo — in greco afrogala. Non deve scaldarsi, altrimenti si affloscia.","Un freddo espresso coronado con leche espumada en frío — afrogala en griego. No debe calentarse, o se desmorona.",
Für Kaffee auf mg wechseln,Switch to mg for coffee,Passer en mg pour le café,Passa a mg per il caffè,Cambia a mg para el café,
Für Mahlzeiten auf kcal wechseln,Switch to kcal for meals,Passer en kcal pour les repas,Passa a kcal per i pasti,Cambia a kcal para las comidas,
Gericht,Dish,Plat,Piatto,Plato,
"Geschmolzene Schokolade im kleinen Glas verstrichen, Espresso darauf, Milchschaum darüber, Kakao obenauf.","Melted chocolate smeared inside a small glass, espresso onto it, milk foam over that, cocoa on top.","Du chocolat fondu étalé dans un petit verre, l’expresso par-dessus, la mousse de lait ensuite, le cacao pour finir.","Cioccolato fuso spalmato nel bicchierino, l’espresso sopra, la schiuma di latte ancora sopra, il cacao a finire.","Chocolate fundido untado en el vaso pequeño, el espresso encima, la espuma de leche después, el cacao al final.",
Gestern,Yesterday,Hier,Ieri,Ayer,
"Gestern Abend um neun eine kleine Ramensuppe mit Frühlingszwiebel, dazu drei Scheiben Baguette dünn mit Butter","Yesterday at nine a small bowl of ramen with spring onion, and three thin slices of baguette with butter","Hier à neuf heures un petit bol de ramen à l’oignon nouveau, et trois fines tranches de baguette beurrées",Ieri alle nove una piccola zuppa di ramen con cipollotto e tre fette sottili di baguette con burro,Ayer a las nueve un cuenco pequeño de ramen con cebolleta y tres rebanadas finas de baguette con mantequilla,
"Gezuckerte Kondensmilch ins Glas, Espresso vorsichtig darüber. Gleiche Teile, zwei Schichten — man sieht die Grenze.","Sweetened condensed milk into the glass, espresso carefully over it. Equal parts, two layers — you can see the line.","Du lait concentré sucré dans le verre, l’expresso versé doucement dessus. À parts égales, deux couches — la limite se voit.","Latte condensato zuccherato nel bicchiere, espresso versato con cura sopra. Parti uguali, due strati — il confine si vede.","Leche condensada azucarada en el vaso, el espresso con cuidado encima. A partes iguales, dos capas — la línea se ve.",
"Griechenland, frühe 1990er. Anders als der Frappé aus echtem Espresso — das ist der ganze Unterschied und der ganze Streit.","Greece, early 1990s. Unlike the frappé, made from real espresso — that is the whole difference and the whole argument.","Grèce, début des années 1990. Contrairement au frappé, à base de vrai expresso — c’est toute la différence et toute la querelle.","Grecia, primi anni Novanta. A differenza del frappé, con vero espresso — è tutta la differenza e tutta la disputa.","Grecia, principios de los noventa. A diferencia del frappé, con espresso de verdad — ahí está toda la diferencia y toda la discusión.",
"Griechenland, und heute das meistgetrunkene kalte Kaffeegetränk des Landes.","Greece, and today the country’s most-drunk cold coffee.","Grèce, et aujourd’hui le café froid le plus bu du pays.","Grecia, e oggi il caffè freddo più bevuto del paese.","Grecia, y hoy el café frío más bebido del país.",
Haptik,Haptics,Retour haptique,Feedback aptico,Respuesta háptica,
"Heisses Wasser läuft ohne Druck durch grob gemahlenes Pulver. Keine Crema, dafür klarer.","Hot water runs through coarsely ground coffee without pressure. No crema, but a clearer cup.","L’eau chaude traverse une mouture grossière sans pression. Pas de crema, mais une tasse plus nette.","L’acqua calda attraversa una macinatura grossa senza pressione. Niente crema, ma più pulito nel gusto.","El agua caliente pasa sin presión por un molido grueso. Sin crema, pero más limpio en boca.",
Hell,Light,Clair,Chiaro,Claro,
Herkunft,Origin,Origine,Origine,Origen,
Heute,Today,Aujourd’hui,Oggi,Hoy,
Hört zu. Nochmal tippen beendet das Diktat.,Listening. Tap again to stop.,À l’écoute. Touchez à nouveau pour arrêter.,In ascolto. Tocca di nuovo per fermare.,Escuchando. Toca otra vez para parar.,
Im Herdkännchen presst Dampfdruck das Wasser von unten durch das Pulver.,"In the stovetop pot, steam pressure pushes the water up through the grounds.","Dans la cafetière italienne, la pression de la vapeur pousse l’eau à travers la mouture.",Nella moka la pressione del vapore spinge l’acqua attraverso la polvere.,"En la cafetera italiana, la presión del vapor empuja el agua a través del molido.",
"Innerschweiz. In Luzern heisst er Kafi Luz oder Träschkaffee, in Bern Kafi Fertig — dasselbe Getränk. Entstanden aus Sparsamkeit: dünner Kaffee, gestreckt mit Selbstgebranntem. Die Regel dazu lautet, durch einen richtigen müsse man Zeitung lesen können.","Central Switzerland. In Lucerne it is called Kafi Luz or Träschkaffee, in Bern Kafi Fertig — the same drink. Born of thrift: thin coffee, stretched with home-distilled spirit. The rule says you must be able to read a newspaper through a proper one.","Suisse centrale. À Lucerne on l’appelle Kafi Luz ou Träschkaffee, à Berne Kafi Fertig — la même boisson. Née de l’économie : un café léger allongé d’eau-de-vie maison. La règle veut qu’à travers un vrai, on puisse lire le journal.","Svizzera centrale. A Lucerna si chiama Kafi Luz o Träschkaffee, a Berna Kafi Fertig — la stessa bevanda. Nata dal risparmio: caffè leggero allungato con distillato di casa. La regola dice che attraverso uno vero si deve poter leggere il giornale.","Suiza central. En Lucerna se llama Kafi Luz o Träschkaffee; en Berna, Kafi Fertig — la misma bebida. Nació del ahorro: café flojo alargado con aguardiente casero. La regla dice que a través de uno de verdad se ha de poder leer el periódico.",
Instantkaffee,Instant coffee,Café instantané,Caffè istantaneo,Café instantáneo,
"Instantkaffee, wenig Wasser und Zucker im Shaker schaumig schütteln, dann Eis und kaltes Wasser dazu. Der Schaum hält, weil Instantpulver anders schäumt als gebrühter Kaffee.","Shake instant coffee, a little water and sugar in a shaker until foamy, then add ice and cold water. The foam holds because instant powder foams differently from brewed coffee.","Secouer du café instantané, un peu d’eau et du sucre au shaker jusqu’à la mousse, puis ajouter glace et eau froide. La mousse tient parce que la poudre instantanée ne mousse pas comme le café infusé.","Agitare caffè istantaneo, poca acqua e zucchero nello shaker fino a farlo schiumare, poi aggiungere ghiaccio e acqua fredda. La schiuma regge perché la polvere istantanea schiuma diversamente dal caffè in infusione.","Agitar café instantáneo, poca agua y azúcar en la coctelera hasta que espume, luego añadir hielo y agua fría. La espuma aguanta porque el polvo instantáneo espuma distinto al café de infusión.",
Irish Cream,Irish cream,Crème irlandaise,Crema irlandese,Crema irlandesa,
"Italien — und dort kein Kaffee, sondern ein Dessert. Er steht bei den Süssspeisen auf der Karte.",Italy — and there it is not a coffee but a dessert. It sits among the sweets on the menu.,Italie — et là-bas ce n’est pas un café mais un dessert. Il figure parmi les douceurs sur la carte.,Italia — e lì non è un caffè ma un dolce. Sta tra i dessert in carta.,Italia — y allí no es un café sino un postre. Figura entre los dulces de la carta.,
"Italien, Zweiter Weltkrieg: die Geschichte erzählt von amerikanischen Soldaten, denen der Espresso zu klein war.","Italy, the Second World War: the story tells of American soldiers who found the espresso too small.","Italie, Seconde Guerre mondiale : l’histoire raconte que des soldats américains trouvaient l’expresso trop petit.","Italia, Seconda guerra mondiale: si racconta di soldati americani che trovavano l’espresso troppo piccolo.","Italia, Segunda Guerra Mundial: se cuenta que a los soldados estadounidenses el espresso les parecía pequeño.",
"Italien, aus dem Bar-Jargon: „macchiato“ sagte der Barista dem Kellner, damit der die Tasse mit Milch von der ohne unterscheiden konnte.","Italy, from bar shorthand: the barista called out “macchiato” so the waiter could tell the cup with milk from the one without.","Italie, jargon de comptoir : le barista lançait « macchiato » pour que le serveur distingue la tasse avec lait de celle sans.","Italia, gergo da bar: il barista diceva «macchiato» perché il cameriere distinguesse la tazza con il latte da quella senza.","Italia, jerga de barra: el barista decía «macchiato» para que el camarero distinguiera la taza con leche de la que no.",
"Italien, um 1900. Die Maschine war zuerst da — das Getränk ist nach ihr benannt.","Italy, around 1900. The machine came first — the drink is named after it.","Italie, vers 1900. La machine est venue d’abord — la boisson porte son nom.","Italia, intorno al 1900. Prima è arrivata la macchina: la bevanda porta il suo nome.","Italia, hacia 1900. Primero llegó la máquina: la bebida lleva su nombre.",
"Italien, ursprünglich die Fassung für Kinder: viel Milch, mit Kaffee nur befleckt.","Italy, originally the version for children: plenty of milk, merely stained with coffee.","Italie, à l’origine la version pour les enfants : beaucoup de lait, seulement taché de café.","Italia, in origine la versione per i bambini: molto latte, solo macchiato di caffè.","Italia, en origen la versión para niños: mucha leche, apenas manchada de café.",
"Italien. Der Name kommt von der Kutte der Kapuziner — nach der Farbe, nicht nach dem Schaum.","Italy. The name comes from the Capuchin friars’ habit — from its colour, not from the foam.","Italie. Le nom vient de la bure des capucins — de sa couleur, pas de la mousse.","Italia. Il nome viene dal saio dei cappuccini — dal colore, non dalla schiuma.","Italia. El nombre viene del hábito de los capuchinos: por el color, no por la espuma.",
Italienisch,Italian,Italienne,Italiana,Italiano,
"Je ein Drittel Espresso, warme Milch und Schaum.","One third each: espresso, warm milk, foam.","Un tiers d’expresso, un tiers de lait chaud, un tiers de mousse.","Un terzo di espresso, un terzo di latte caldo, un terzo di schiuma.","Un tercio de espresso, un tercio de leche caliente y un tercio de espuma.",
Kaffee,Coffee,Café,Caffè,Café,
"Kaffee und heisse Milch zu gleichen Teilen. Wer sie heller mag, bestellt eine Schale Gold — benannt nach der Farbe, nicht nach der Menge.","Coffee and hot milk in equal parts. If you like it paler, you order a Schale Gold — named after the colour, not the quantity.","Café et lait chaud à parts égales. Qui la préfère plus claire commande une « Schale Gold » — nommée d’après la couleur, pas la quantité.","Caffè e latte caldo in parti uguali. Chi la preferisce più chiara ordina una «Schale Gold» — dal colore, non dalla quantità.","Café y leche caliente a partes iguales. Quien la prefiere más clara pide una «Schale Gold» — por el color, no por la cantidad.",
kalorien · koffein · makros,calories · caffeine · macros,calories · caféine · macros,calorie · caffeina · macro,calorías · cafeína · macros,
Karamell,Caramel,Caramel,Caramello,Caramelo,
Kein API-Schlüssel hinterlegt.,No API key set.,Aucune clé API renseignée.,Nessuna chiave API impostata.,No hay clave API.,
"Kuba unter spanischer Herrschaft: die Truppe mischte Rum in den Kaffee, für den Mut — spanisch coraje. Aus corajillo wurde carajillo.",Cuba under Spanish rule: the troops mixed rum into their coffee for courage — coraje in Spanish. Corajillo became carajillo.,Cuba sous domination espagnole : la troupe mêlait du rhum au café pour le courage — coraje en espagnol. De corajillo est venu carajillo.,Cuba sotto dominio spagnolo: la truppa mescolava rum nel caffè per il coraggio — coraje in spagnolo. Da corajillo è venuto carajillo.,Cuba bajo dominio español: la tropa mezclaba ron en el café para darse coraje. De corajillo salió carajillo.,
Kürbisgewürz,Pumpkin spice,Épice à citrouille,Spezie per la zucca,Especias de calabaza,
Likör,Liqueur,Liqueur,Liquore,Licor,
Liste ausblenden,Hide the list,Masquer la liste,Nascondi l’elenco,Ocultar la lista,
Lädt …,Loading …,Chargement …,Caricamento …,Cargando …,
Löschen,Delete,Supprimer,Elimina,Eliminar,
Mahlzeit,Meal,Repas,Pasto,Comida,
"Mahlzeiten schätzt ein Sprachmodell aus dem Foto oder deiner Beschreibung. Trage in den Einstellungen einen Anbieter und seinen Schlüssel ein. Oder wähle Apple, das auf dem Gerät rechnet und keinen Schlüssel braucht.","Meals are estimated by a language model from your photo or description. Add a provider and its key in settings. Or pick Apple, which runs on the device and needs no key.","Les repas sont estimés par un modèle de langage à partir de la photo ou de ta description. Ajoute un fournisseur et sa clé dans les réglages. Ou choisis Apple, qui calcule sur l’appareil et n’a besoin d’aucune clé.","I pasti li stima un modello linguistico dalla foto o dalla tua descrizione. Inserisci un fornitore e la sua chiave nelle impostazioni. Oppure scegli Apple, che calcola sul dispositivo e non richiede chiavi.","Las comidas las estima un modelo de lenguaje a partir de la foto o de tu descripción. Añade un proveedor y su clave en los ajustes. O elige Apple, que calcula en el dispositivo y no necesita clave.",
Manuell eingeben,Enter manually,Saisir manuellement,Inserisci a mano,Introducir a mano,
Milch,Milk,Lait,Latte,Leche,
Milchschaum,Milk foam,Mousse de lait,Schiuma di latte,Espuma de leche,
Mittel,Medium,Moyen,Medio,Medio,
Modell,Model,Modèle,Modello,Modelo,
Modelle vom Dienst laden,Load models from the service,Charger les modèles du service,Carica i modelli dal servizio,Cargar modelos del servicio,
Modus wechseln,Switch mode,Changer de mode,Cambia modalità,Cambiar de modo,
Neue Mahlzeit,New meal,Nouveau repas,Nuovo pasto,Nueva comida,
Neues Bild erzeugen,Generate a new image,Générer une nouvelle image,Genera una nuova immagine,Generar una nueva imagen,
Nicht Italien: dort bekommt man auf „un latte“ ein Glas Milch. Als Getränk mit Namen entstand er in den USA.,Not Italy: order “un latte” there and you get a glass of milk. As a drink with a name it grew up in the United States.,"Pas l’Italie : commandez « un latte » là-bas et vous aurez un verre de lait. Comme boisson nommée, il est né aux États-Unis.",Non l’Italia: lì «un latte» è un bicchiere di latte. Come bevanda con un nome è nato negli Stati Uniti.,Italia no: allí «un latte» es un vaso de leche. Como bebida con nombre nació en Estados Unidos.,
Nicht verfügbar.,Unavailable.,Indisponible.,Non disponibile.,No disponible.,
Noch kein Modell eingerichtet,No model set up yet,Aucun modèle configuré,Nessun modello configurato,Aún no hay modelo configurado,
Nächster Tag,Next day,Jour suivant,Giorno successivo,Día siguiente,
Nährwerte,Nutrition data,Valeurs nutritionnelles,Valori nutrizionali,Valores nutricionales,
Obstbrand,Fruit brandy,Eau-de-vie de fruits,Acquavite di frutta,Aguardiente de fruta,
"Osmanisch, seit dem 16. Jahrhundert. Die Zubereitung steht seit 2013 auf der Unesco-Liste des immateriellen Kulturerbes.","Ottoman, since the 16th century. The preparation has been on the Unesco list of intangible cultural heritage since 2013.","Ottoman, depuis le XVIe siècle. La préparation figure depuis 2013 sur la liste du patrimoine culturel immatériel de l’Unesco.","Ottomano, dal Cinquecento. La preparazione è dal 2013 nella lista Unesco del patrimonio culturale immateriale.","Otomano, desde el siglo XVI. La preparación está desde 2013 en la lista de la Unesco del patrimonio cultural inmaterial.",
Prüfe …,Checking …,Vérification …,Verifica …,Comprobando …,
"Rund 120 ml in 25 bis 30 Sekunden durch 17 g gröber gemahlenes Pulver — ein einziger Durchlauf und kein verlängerter Espresso. Rahm und Zucker kommen daneben, nicht hinein.","Around 120 ml in 25 to 30 seconds through 17 g of coarser grounds — one single pull, not a lengthened espresso. Cream and sugar come alongside, not in it.","Environ 120 ml en 25 à 30 secondes à travers 17 g de mouture plus grossière — un seul passage, pas un expresso allongé. La crème et le sucre arrivent à côté, pas dedans.","Circa 120 ml in 25-30 secondi attraverso 17 g di macinato più grosso — una sola estrazione, non un espresso allungato. Panna e zucchero arrivano a parte, non dentro.","Unos 120 ml en 25 a 30 segundos a través de 17 g de molienda más gruesa — una sola extracción, no un espresso alargado. La nata y el azúcar se sirven al lado, no dentro.",
Schlagrahm,Whipped cream,Crème fouettée,Panna montata,Nata montada,
Schließen,Close,Fermer,Chiudi,Cerrar,
Schokolade,Chocolate,Chocolat,Cioccolato,Chocolate,
Schreibt,Writes,Écrit,Scrive,Escribe,
Schrift folgt dem System,Text follows the system,La police suit le système,Il testo segue il sistema,El texto sigue al sistema,
"Schweiz, benannt nach dem Gefäss: früher stand er in einer Schale auf dem Tisch, heute in der Tasse mit Henkel. Die Steigerung lautet Espresso, Café Crème, Doppel-Crème, Schale.","Switzerland, named after the vessel: it used to come to the table in a bowl, today in a cup with a handle. The scale runs espresso, café crème, double crème, Schale.","Suisse, nommée d’après le récipient : autrefois servie dans un bol, aujourd’hui dans une tasse à anse. L’échelle va de l’expresso au café crème, au double crème, puis à la Schale.","Svizzera, dal recipiente: un tempo arrivava in tavola in una scodella, oggi in una tazza con manico. La scala è espresso, café crème, doppio crème, Schale.","Suiza, por el recipiente: antes llegaba a la mesa en un cuenco, hoy en una taza con asa. La escala va del espresso al café crème, al doble crème y a la Schale.",
"Schweizer Wintergetränk, nach dem Skitag. „Schümli“ ist der Kaffee mit seinem Schaum, „Pflümli“ der Zwetschgenbrand dazu.","A Swiss winter drink, for after a day on the slopes. “Schümli” is the coffee with its foam, “Pflümli” the plum brandy that goes in it.","Boisson d’hiver suisse, pour après une journée de ski. « Schümli », c’est le café et sa mousse ; « Pflümli », l’eau-de-vie de prune qu’on y verse.","Bevanda invernale svizzera, per il dopo-sci. «Schümli» è il caffè con la sua schiuma, «Pflümli» l’acquavite di prugne che ci va dentro.","Bebida suiza de invierno, para después de esquiar. «Schümli» es el café con su espuma; «Pflümli», el aguardiente de ciruela que lleva.",
Schätzen,Estimate,Estimer,Stima,Estimar,
Schätzung fehlgeschlagen,Estimate failed,Échec de l’estimation,Stima non riuscita,La estimación falló,
"Sechs Schichten von unten: gezuckerte Kondensmilch, Licor 43, Espresso über den Löffelrücken, Milchschaum, Zimt, Zitronenschale. Gerührt wird erst am Tisch.","Six layers from the bottom: sweetened condensed milk, Licor 43, espresso over the back of a spoon, milk foam, cinnamon, lemon zest. It is stirred only at the table.","Six couches en partant du bas : lait concentré sucré, Licor 43, expresso sur le dos d’une cuillère, mousse de lait, cannelle, zeste de citron. On ne mélange qu’à table.","Sei strati dal basso: latte condensato zuccherato, Licor 43, espresso sul dorso del cucchiaio, schiuma di latte, cannella, scorza di limone. Si mescola solo a tavola.","Seis capas desde abajo: leche condensada azucarada, Licor 43, espresso sobre el dorso de una cuchara, espuma de leche, canela, piel de limón. Se remueve sólo en la mesa.",
Sichern,Save,Enregistrer,Salva,Guardar,
"Skandinavien, 2000er-Jahre, dem schwedischen Röster Koppi zugeschrieben. Die Bitterkeit des Chinins und die Säure des Kaffees ziehen in dieselbe Richtung.","Scandinavia, the 2000s, credited to the Swedish roaster Koppi. The bitterness of the quinine and the acidity of the coffee pull in the same direction.","Scandinavie, années 2000, attribué au torréfacteur suédois Koppi. L’amertume de la quinine et l’acidité du café tirent dans le même sens.","Scandinavia, anni Duemila, attribuito al torrefattore svedese Koppi. L’amaro del chinino e l’acidità del caffè tirano nella stessa direzione.","Escandinavia, años dos mil, atribuido al tostador sueco Koppi. El amargor de la quinina y la acidez del café tiran en la misma dirección.",
So viel Koffein steckt in rund zwanzig Espressi.,That much caffeine sits in about twenty espressos.,"Autant de caféine, c’est environ vingt expressos.",Tanta caffeina sta in una ventina di espressi.,Tanta cafeína hay en unos veinte espressos.,
"So viel passt in eine Mahlzeit nur, wenn beim Tippen eine Stelle verrutscht ist.",That much fits into one meal only if a digit slipped while typing.,Autant ne tient dans un repas que si un chiffre a glissé à la saisie.,Tanto sta in un pasto solo se digitando è scivolata una cifra.,Tanto cabe en una comida sólo si al teclear se ha corrido un dígito.,
"Spanien, oft dem Baskenland oder Katalonien zugeschrieben; auch in Portugal und Lateinamerika zu Hause. Serviert im kleinen Glas, 60 bis 70 ml.","Spain, often credited to the Basque Country or Catalonia; at home in Portugal and Latin America too. Served in a small glass, 60 to 70 ml.","Espagne, souvent attribué au Pays basque ou à la Catalogne ; également chez lui au Portugal et en Amérique latine. Servi dans un petit verre, 60 à 70 ml.","Spagna, spesso attribuito ai Paesi Baschi o alla Catalogna; di casa anche in Portogallo e in America Latina. Servito nel bicchierino, 60-70 ml.","España, a menudo atribuido al País Vasco o a Cataluña; también está en casa en Portugal y Latinoamérica. Se sirve en vaso pequeño, de 60 a 70 ml.",
Sprache der App,App language,Langue de l’app,Lingua dell’app,Idioma de la app,
Spracherkennung ist hier nicht verfügbar.,Speech recognition is not available here.,La reconnaissance vocale n’est pas disponible ici.,Il riconoscimento vocale non è disponibile qui.,El reconocimiento de voz no está disponible aquí.,
"Starbucks, 1996. Mit dem Macchiato aus der italienischen Bar teilt er nur den Namen: dort wird die Milch in den Espresso gegeben, hier der Espresso auf die Milch.","Starbucks, 1996. It shares only the name with the macchiato of the Italian bar: there the milk goes into the espresso, here the espresso goes onto the milk.","Starbucks, 1996. Il ne partage que le nom avec le macchiato du bar italien : là-bas le lait va dans l’expresso, ici l’expresso va sur le lait.","Starbucks, 1996. Del macchiato del bar italiano ha solo il nome: lì il latte va nell’espresso, qui l’espresso va sul latte.","Starbucks, 1996. Del macchiato del bar italiano sólo comparte el nombre: allí la leche va al espresso, aquí el espresso va sobre la leche.",
"Starbucks, 2003. In den USA läutet er den Herbst ein, ungefähr so verlässlich wie der Kalender.","Starbucks, 2003. In the USA it announces autumn about as reliably as the calendar.","Starbucks, 2003. Aux États-Unis, il annonce l’automne à peu près aussi sûrement que le calendrier.","Starbucks, 2003. Negli Stati Uniti annuncia l’autunno con l’affidabilità del calendario.","Starbucks, 2003. En Estados Unidos anuncia el otoño con la fiabilidad del calendario.",
"Staubfein gemahlen, mit Wasser und Zucker im Cezve langsam aufgeschäumt und nicht gekocht. Ungefiltert eingeschenkt: der Satz bleibt in der Tasse stehen.","Ground to dust, foamed slowly with water and sugar in a cezve and never boiled. Poured unfiltered: the grounds stay behind in the cup.","Moulu en poussière, monté lentement en mousse avec eau et sucre dans un cezve, sans jamais bouillir. Versé non filtré : le marc reste au fond de la tasse.","Macinato finissimo, fatto schiumare lentamente con acqua e zucchero nel cezve, senza mai bollire. Versato non filtrato: la posa resta nella tazza.","Molido a polvo, espumado despacio con agua y azúcar en un cezve, sin llegar a hervir. Servido sin filtrar: el poso se queda en la taza.",
Stickstoff,Nitrogen,Azote,Azoto,Nitrógeno,
Sync,Sync,Synchro,Sincronizza,Sincronizar,
Süssrahm,Sweet cream,Crème douce,Panna dolce,Nata dulce,
Tag wählen,Choose a day,Choisir un jour,Scegli un giorno,Elegir un día,
Tagesverlauf als Punktraster,Day as a dot matrix,La journée en matrice de points,La giornata come matrice di punti,El día como matriz de puntos,
"Teneriffa, benannt nach einem Stammgast: Sebastián, genannt „el Barraco“, bestellte ihn immer genau so.","Tenerife, named after a regular: Sebastián, called “el Barraco”, always ordered it exactly like this.","Tenerife, du nom d’un habitué : Sebastián, dit « el Barraco », le commandait toujours exactement ainsi.","Tenerife, dal nome di un cliente abituale: Sebastián, detto «el Barraco», lo ordinava sempre proprio così.","Tenerife, por el nombre de un cliente habitual: Sebastián, «el Barraco», lo pedía siempre exactamente así.",
"Thessaloniki, Messe 1957: ein Nestlé-Mitarbeiter fand kein heisses Wasser, griff zum Shaker vom Nachbarstand und schüttelte seinen Nescafé kalt.","Thessaloniki, trade fair 1957: a Nestlé employee found no hot water, grabbed the shaker from the neighbouring stand and shook his Nescafé cold.","Thessalonique, foire de 1957 : un employé de Nestlé, faute d’eau chaude, a pris le shaker du stand voisin et secoué son Nescafé à froid.","Salonicco, fiera del 1957: un dipendente Nestlé non trovò acqua calda, prese lo shaker dello stand accanto e agitò il suo Nescafé a freddo.","Salónica, feria de 1957: un empleado de Nestlé no encontró agua caliente, cogió la coctelera del estand vecino y agitó su Nescafé en frío.",
Tonic Water,Tonic water,Tonic,Acqua tonica,Agua tónica,
"USA, um 2013. Die Idee kommt vom Stout: Zapfhahn, Stickstoff und der Schaum, der nach dem Einschenken langsam absinkt.","USA, around 2013. The idea comes from stout: the tap, the nitrogen, and the foam that settles slowly after pouring.","États-Unis, vers 2013. L’idée vient de la stout : le fût, l’azote et la mousse qui redescend lentement après le service.","Stati Uniti, intorno al 2013. L’idea viene dalla stout: la spina, l’azoto e la schiuma che scende lentamente dopo la mescita.","Estados Unidos, hacia 2013. La idea viene de la stout: el grifo, el nitrógeno y la espuma que baja despacio tras servir.",
"Umgekehrte Reihenfolge: der Espresso kommt in die Milch, nicht die Milch in den Espresso. Daher die drei Schichten.","The order is reversed: the espresso goes into the milk, not the milk into the espresso. Hence the three layers.","L’ordre est inversé : l’expresso va dans le lait, et non le lait dans l’expresso. D’où les trois couches.","Ordine invertito: l’espresso va nel latte, non il latte nell’espresso. Da qui i tre strati.","El orden se invierte: el espresso va en la leche, no la leche en el espresso. De ahí las tres capas.",
"Valencia, von dort über ganz Spanien. Die Verwandtschaft mit dem vietnamesischen Eiskaffee liegt auf der Hand, die Verwandtschaftslinie nicht.","Valencia, and from there across Spain. The kinship with Vietnamese iced coffee is obvious; the line of descent is not.","Valence, et de là toute l’Espagne. La parenté avec le café glacé vietnamien saute aux yeux, la filiation non.","Valencia, e da lì tutta la Spagna. La parentela con il caffè freddo vietnamita salta agli occhi, la discendenza no.","Valencia, y de ahí a toda España. El parentesco con el café helado vietnamita salta a la vista; la línea de descendencia, no.",
Vanilleeis,Vanilla ice cream,Glace vanille,Gelato alla vaniglia,Helado de vainilla,
Vanillesirup,Vanilla syrup,Sirop de vanille,Sciroppo alla vaniglia,Sirope de vainilla,
"Vanillesirup, warme Milch, Schaum — und der Espresso zuletzt obendrauf statt zuerst hinein. Darüber ein Gitter aus Karamell.","Vanilla syrup, warm milk, foam — and the espresso on top at the end instead of into it at the start. A lattice of caramel over that.","Sirop de vanille, lait chaud, mousse — et l’expresso posé dessus à la fin au lieu d’être versé dedans au début. Par-dessus, un quadrillage de caramel.","Sciroppo alla vaniglia, latte caldo, schiuma — e l’espresso sopra alla fine invece che dentro all’inizio. Sopra, una griglia di caramello.","Sirope de vainilla, leche caliente, espuma — y el espresso encima al final en lugar de dentro al principio. Encima, una rejilla de caramelo.",
Verbindung,Connection,Connexion,Connessione,Conexión,
"Verbindung steht, Modell antwortet und nimmt Bilder.","Connected, the model answers and accepts images.","Connexion établie, le modèle répond et accepte les images.","Connessione attiva, il modello risponde e accetta immagini.","Conectado, el modelo responde y acepta imágenes.",
"Verbindung steht, Modell antwortet.","Connected, the model answers.","Connexion établie, le modèle répond.","Connessione attiva, il modello risponde.","Conectado, el modelo responde.",
Verbindung testen,Test the connection,Tester la connexion,Prova la connessione,Probar la conexión,
Verfügbarkeit prüfen,Check availability,Vérifier la disponibilité,Verifica disponibilità,Comprobar disponibilidad,
Vergrössert das Bild und verkleinert es wieder,Enlarges the picture and shrinks it again,Agrandit la photo et la réduit à nouveau,Ingrandisce l’immagine e la rimpicciolisce,Amplía la imagen y la reduce de nuevo,
"Vier Zentiliter Irish Cream ins vorgewärmte Glas, den heissen Kaffee über den Löffelrücken darübergiessen, halbsteifen Rahm obenauf.","Four centilitres of Irish cream into the warmed glass, the hot coffee poured over the back of a spoon, half-whipped cream on top.","Quatre centilitres de crème irlandaise dans le verre préchauffé, le café chaud versé sur le dos d’une cuillère, crème à demi fouettée dessus.","Quattro centilitri di crema irlandese nel bicchiere preriscaldato, il caffè caldo versato sul dorso di un cucchiaio, panna semimontata sopra.","Cuatro centilitros de crema irlandesa en el vaso precalentado, el café caliente vertido sobre el dorso de una cuchara, nata semimontada encima.",
"Vietnam. Robusta statt Arabica, Kondensmilch statt frischer: beides kam aus der Not und ist geblieben, weil es zusammenpasst.","Vietnam. Robusta instead of arabica, condensed milk instead of fresh: both came out of necessity and stayed because they fit together.","Vietnam. Du robusta plutôt que de l’arabica, du lait concentré plutôt que du frais : les deux sont nés de la nécessité et sont restés parce qu’ils s’accordent.","Vietnam. Robusta invece di arabica, latte condensato invece di fresco: entrambi nati dalla necessità e rimasti perché stanno bene insieme.","Vietnam. Robusta en vez de arábica, leche condensada en vez de fresca: ambos nacieron de la necesidad y se quedaron porque encajan.",
Vorheriger Tag,Previous day,Jour précédent,Giorno precedente,Día anterior,
Warenkunde,About this drink,À propos de la boisson,Scheda della bevanda,Ficha de la bebida,
Warenkunde schließen,Close details,Fermer la fiche,Chiudi la scheda,Cerrar la ficha,
Wasser,Water,Eau,Acqua,Agua,
Weinbrand,Brandy,Eau-de-vie,Brandy,Brandy,
Wert ändern,Change value,Modifier la valeur,Cambia valore,Cambiar valor,
Whiskey,Whiskey,Whiskey,Whiskey,Whiskey,
"Wie der Mocha, aber mit weisser Schokolade: die enthält keine Kakaomasse, sondern Kakaobutter, Zucker und Milch. Deshalb süsser und ohne jede Bitterkeit.","Like the mocha, but with white chocolate: it contains no cocoa solids, only cocoa butter, sugar and milk. Sweeter for it, and without any bitterness.","Comme le mocha, mais au chocolat blanc : il ne contient pas de pâte de cacao, seulement du beurre de cacao, du sucre et du lait. Plus sucré, donc, et sans la moindre amertume.","Come il mocha, ma con cioccolato bianco: non contiene pasta di cacao, solo burro di cacao, zucchero e latte. Perciò più dolce e senza alcuna amarezza.","Como el mocha, pero con chocolate blanco: no lleva pasta de cacao, sino manteca de cacao, azúcar y leche. Por eso más dulce y sin amargor alguno.",
Wien,Vienna,Vienne,Vienna,Viena,
"Wien, benannt nach dem einspännigen Fuhrwerk. Der Kutscher hielt die Zügel in der einen Hand und das Henkelglas in der anderen.","Vienna, named after the one-horse carriage. The driver held the reins in one hand and the handled glass in the other.","Vienne, du nom de la voiture à un cheval. Le cocher tenait les rênes d’une main et le verre à anse de l’autre.","Vienna, dal nome della carrozza a un cavallo. Il cocchiere teneva le redini in una mano e il bicchiere con manico nell’altra.","Viena, por el coche de un solo caballo. El cochero sostenía las riendas con una mano y el vaso con asa con la otra.",
"Wien. Im klassischen Kaffeehaus steht kein Cappuccino auf der Karte — wer einen will, bestellt eine Melange. Die Basis ist heller geröstet als der italienische Espresso.","Vienna. A classic coffee house has no cappuccino on the menu — if you want one, you order a melange. The base is roasted lighter than the Italian espresso.",Vienne. Le café classique n’a pas de cappuccino à la carte — qui en veut un commande une melange. La base est torréfiée plus clair que l’expresso italien.,Vienna. Nel caffè classico il cappuccino non è in carta — chi lo vuole ordina una melange. La base è tostata più chiara dell’espresso italiano.,Viena. En el café clásico no hay capuchino en la carta — quien lo quiere pide una melange. La base está tostada más clara que el espresso italiano.,
Zeitpunkt,Time,Moment,Orario,Momento,
Zimt,Cinnamon,Cannelle,Cannella,Canela,
Zitronenschale,Lemon zest,Zeste de citron,Scorza di limone,Piel de limón,
Zubereitung,Preparation,Préparation,Preparazione,Preparación,
Zucker,Sugar,Sucre,Zucchero,Azúcar,
"Zucker im heissen Kaffee auflösen, Whiskey dazu, halbsteifen Rahm über den Löffelrücken aufschwimmen lassen. Getrunken wird durch den Rahm hindurch, nicht gerührt.","Dissolve sugar in the hot coffee, add whiskey, float half-whipped cream over the back of a spoon. You drink through the cream; you do not stir.","Dissoudre le sucre dans le café chaud, ajouter le whiskey, faire flotter une crème à demi fouettée sur le dos d’une cuillère. On boit à travers la crème, on ne remue pas.","Sciogliere lo zucchero nel caffè caldo, aggiungere il whiskey, far galleggiare panna semimontata sul dorso del cucchiaio. Si beve attraverso la panna, non si mescola.","Disolver el azúcar en el café caliente, añadir el whiskey, hacer flotar nata semimontada sobre el dorso de una cuchara. Se bebe a través de la nata; no se remueve.",
"Zucker ins vorgewärmte Stielglas, Pflümli darüber, mit Kaffee auffüllen bis einen Finger unter den Rand, Schlagrahm obenauf.","Sugar into the warmed stemmed glass, plum brandy over it, fill with coffee to a finger below the rim, whipped cream on top.","Du sucre dans le verre à pied préchauffé, l’eau-de-vie de prune par-dessus, remplir de café jusqu’à un doigt du bord, crème fouettée dessus.","Zucchero nel bicchiere a stelo preriscaldato, acquavite di prugne sopra, caffè fino a un dito dal bordo, panna montata in cima.","Azúcar en la copa precalentada, aguardiente de ciruela encima, café hasta un dedo del borde, nata montada arriba.",
Zugriff auf Mikrofon oder Spracherkennung fehlt.,Microphone or speech recognition access is missing.,L’accès au micro ou à la reconnaissance vocale manque.,Manca l’accesso al microfono o al riconoscimento vocale.,Falta el acceso al micrófono o al reconocimiento de voz.,
Zutaten,Ingredients,Ingrédients,Ingredienti,Ingredientes,
"Zwei Espressi aus einem Sieb, in einer Tasse: doppeltes Pulver, doppelte Menge.","Two espressos from one basket, in one cup: double the grounds, double the volume.","Deux expressos dans un seul filtre, une seule tasse : double mouture, double volume.","Due espressi da un solo filtro, in una tazza: doppia dose, doppio volume.","Dos espressos de un solo filtro, en una taza: doble molido, doble volumen.",
"Zwei Linien: der langsame Tropfturm aus Kyoto und der Kaltauszug aus New Orleans, dort mit Zichorie.","Two lines: the slow drip tower from Kyoto and the cold steep from New Orleans, there with chicory.","Deux lignées : la tour à goutte lente de Kyoto et l’infusion froide de La Nouvelle-Orléans, là-bas avec de la chicorée.","Due filoni: la torre a goccia lenta di Kyoto e l’infusione fredda di New Orleans, lì con la cicoria.","Dos líneas: la torre de goteo lento de Kioto y la infusión fría de Nueva Orleans, allí con achicoria.",
Zwei Tagesbedarfe auf einem Teller — ist da eine Null zu viel?,Two daily requirements on one plate — is there a zero too many?,Deux besoins journaliers dans une seule assiette — un zéro de trop ?,Due fabbisogni giornalieri in un piatto — c’è uno zero di troppo?,Dos necesidades diarias en un plato — ¿sobra un cero?,
"Zwölf bis zwanzig Stunden kalt gezogen statt heiss gebrüht. Wenig Säure, viel Koffein.","Steeped cold for twelve to twenty hours instead of brewed hot. Low acidity, high caffeine.","Infusé à froid pendant douze à vingt heures au lieu d’être passé à chaud. Peu d’acidité, beaucoup de caféine.","In infusione a freddo per dodici-venti ore invece che in estrazione calda. Poca acidità, molta caffeina.","En infusión fría de doce a veinte horas en lugar de extracción caliente. Poca acidez, mucha cafeína.",
abgelehnt,denied,refusé,negato,denegado,
aktiv,active,actif,attivo,activo,
akzent · röstung,accent · roast,accent · torréfaction,accento · tostatura,acento · tueste,
anzeige · ziffern,display · digits,affichage · chiffres,display · cifre,pantalla · dígitos,
auf dem gerät,on this device,sur l’appareil,sul dispositivo,en el dispositivo,
bedienung,interaction,utilisation,uso,manejo,
bezeichnung,name,nom,nome,nombre,
bildanalyse,image analysis,analyse d’image,analisi immagine,análisis de imagen,
erscheinungsbild,appearance,apparence,aspetto,apariencia,
erzeugt,generated,générée,generata,generada,
fett · g,fat · g,lipides · g,grassi · g,grasas · g,
gehostet · mit schlüssel,hosted · needs a key,hébergé · avec clé,ospitato · con chiave,alojado · con clave,
geschätzt wird von %@.,estimated by %@.,estimation par %@.,stima a cura di %@.,estimado por %@.,
gezuckerte Kondensmilch,Sweetened condensed milk,Lait concentré sucré,Latte condensato zuccherato,Leche condensada azucarada,
häufigste unten,most used at the bottom,les plus fréquents en bas,i più frequenti in basso,los más usados abajo,
iOS führt die Sprachwahl je App: Einstellungen → Apps → Cafcalog.,iOS keeps the per-app language: Settings → Apps → Cafcalog.,iOS gère la langue par app : Réglages → Apps → Cafcalog.,iOS gestisce la lingua per app: Impostazioni → App → Cafcalog.,iOS gestiona el idioma por app: Ajustes → Apps → Cafcalog.,
kalter Milchschaum,Cold milk foam,Mousse de lait froide,Schiuma di latte fredda,Espuma de leche fría,
kcal / mg,kcal / mg,kcal / mg,kcal / mg,kcal / mg,
koffein,caffeine,caféine,caffeina,cafeína,
koffein · mg,caffeine · mg,caféine · mg,caffeina · mg,cafeína · mg,
kohlenhydrate · g,carbs · g,glucides · g,carboidrati · g,carbohidratos · g,
lizenzen,licences,licences,licenze,licencias,
menge · g,amount · g,quantité · g,quantità · g,cantidad · g,
mit Health verbinden,connect to Health,se connecter à Santé,connetti a Salute,conectar con Salud,"This means it should be connected to the Health App of iOS, if the app name in this language is ""Health"" too, then it might be changed"
nicht hinterlegt,not set,non renseignée,non impostata,sin definir,
nicht verbunden,not connected,non connecté,non connesso,sin conectar,
nicht verfügbar,unavailable,indisponible,non disponibile,no disponible,
noch nichts erfasst,nothing logged yet,rien d’enregistré,ancora nulla,nada registrado aún,
optional,optional,facultative,facoltativa,opcional,
protein · g,protein · g,protéines · g,proteine · g,proteínas · g,
selbst betrieben,self-hosted,auto-hébergé,in proprio,propio,
verbunden,connected,connecté,connesso,conectado,
was und wann,what and when,quoi et quand,cosa e quando,qué y cuándo,
weisse Schokolade,White chocolate,Chocolat blanc,Cioccolato bianco,Chocolate blanco,
zeitpunkt,time,moment,orario,momento,
"Über tausend Milligramm wären eine Kanne, keine Tasse.","Over a thousand milligrams would be a pot, not a cup.","Plus de mille milligrammes, ce serait une cafetière, pas une tasse.","Oltre mille milligrammi sarebbero una caffettiera, non una tazza.","Más de mil miligramos serían una cafetera, no una taza.",
"Cafcalog nutzt die Kamera, um Mahlzeiten zu fotografieren.",Cafcalog uses the camera to photograph meals.,Cafcalog utilise l’appareil photo pour photographier vos repas.,Cafcalog usa la fotocamera per fotografare i pasti.,Cafcalog usa la cámara para fotografiar tus comidas.,
"Cafcalog liest bestehende Werte aus Health, um doppelte Eintragungen zu vermeiden.",Cafcalog reads existing values from Health to avoid duplicate entries.,Cafcalog lit les valeurs déjà présentes dans Santé afin d’éviter les doublons.,Cafcalog legge i valori già presenti in Salute per evitare voci doppie.,Cafcalog lee los valores que ya están en Salud para evitar entradas duplicadas.,
"Cafcalog schreibt Kalorien, Koffein und Makros in Apple Health.","Cafcalog writes calories, caffeine and macros to Apple Health.","Cafcalog enregistre les calories, la caféine et les macros dans Apple Santé.","Cafcalog scrive calorie, caffeina e macro in Apple Salute.","Cafcalog escribe calorías, cafeína y macros en Apple Salud.",
Cafcalog spricht mit LM Studio auf deinem Mac im lokalen Netz.,Cafcalog talks to LM Studio on your Mac in the local network.,Cafcalog communique avec LM Studio sur votre Mac dans le réseau local.,Cafcalog comunica con LM Studio sul tuo Mac nella rete locale.,Cafcalog se comunica con LM Studio en tu Mac dentro de la red local.,
"Cafcalog hört zu, während du eine Mahlzeit diktierst.",Cafcalog listens while you dictate a meal.,Cafcalog écoute pendant que vous dictez un repas.,Cafcalog ascolta mentre detti un pasto.,Cafcalog escucha mientras dictas una comida.,
"Cafcalog wandelt das Diktierte in Text um, damit du es vor dem Schätzen noch ändern kannst.",Cafcalog turns what you dictate into text so you can correct it before the estimate.,Cafcalog convertit votre dictée en texte pour que vous puissiez la corriger avant l’estimation.,"Cafcalog converte il dettato in testo, così puoi correggerlo prima della stima.",Cafcalog convierte lo dictado en texto para que puedas corregirlo antes de la estimación.,
